Location,Gene Symbol,Distance from Gene(s),Direction,Methylation Percentage,Number of CpGs,P-value,FWER,Flagged
Chr2:242989842-242989882,PDCD1,188782,↑,17.33%,5,3.40E-06,0.056,0
Chr8:2075210-2075842,MYOM2,In Gene,↓,9.49%,50,3.64E-06,0.057,1
Chr14:70690437-70690577,ADAM21P1,21631,↑,14.99%,11,6.32E-06,0.097,0
Chr16:55794283-55794939,CES1P1,479,↓,10.68%,34,1.19E-05,0.176,1
Chr4:106553214-106553473,ARHGEF38,In Gene,↓,15.36%,4,1.40E-05,0.193,1
Chr21:47581081-47581470,SPATC1L,In Gene,↓,10.26%,33,1.76E-05,0.245,1
Chr21:47604053-47604939,SPATC1L,337,↑,10.32%,24,3.48E-05,0.412,1
Chr8:1365094-1365750,DLGAP2,83782,↓,9.74%,24,4.72E-05,0.504,1
Chr9:94476690-94476729,ROR2,In Gene,↑,12.36%,6,5.07E-05,0.53,1
Chr21:47604981-47605117,SPATC1L,591,↑,11.12%,9,6.68E-05,0.62,1
Chr7:765806-765969,PRKAR1B,In Gene,↓,10.31%,8,1.24E-04,0.793,0
Chr8:58055456-58055600,LINC00588,136502,↑,7.92%,18,1.75E-04,0.909,1
Chr16:88821501-88821576,PIEZO1,In Gene,↑,11.76%,3,1.93E-04,0.892,1
Chr20:61660297-61660514,LINC00029,5055,↓,9.17%,10,2.09E-04,0.913,1
Chr13:110521986-110522174,IRS2,83071,↓,7.96%,14,2.65E-04,0.964,1
Chr20:61660838-61660963,LINC00029,4606,↓,9.23%,8,2.69E-04,0.939,1
Chr3:125709600-125709759,ROPN1B,7303,↑,7.31%,15,3.05E-04,0.983,1
Chr19:37463437-37463630,ZNF568,In Gene,↑,8.10%,12,3.16E-04,0.973,0
Chr16:55866958-55867072,CES1,In Gene,↓,9.24%,7,3.26E-04,0.957,0
Chr11:112752424-112752713,NCAM1,79284,↓,8.05%,12,3.26E-04,0.974,0
Chr1:205818856-205819059,PM20D1,In Gene,↑,8.97%,8,3.28E-04,0.958,1
Chr21:43109477-43109501,LINC00111,In Gene,↑,10.04%,4,3.60E-04,0.959,1
Chr6:32526261-32526365,"HLA-DRB1, HLA-DRB6",In Gene,↑,9.26%,6,3.98E-04,0.97,1
Chr5:1004140-1004272,NKD2,4672,↓,7.61%,12,4.06E-04,0.989,0
Chr20:61660669-61660788,LINC00029,4781,↓,8.41%,9,4.18E-04,0.974,1
Chr1:28573033-28573053,ATPIF1,In Gene,↑,10.40%,3,4.59E-04,0.979,1
Chr10:134304343-134304547,C10orf91,41431,↑,9.07%,6,4.64E-04,0.977,0
Chr22:32601167-32601266,RFPL2,449,↑,8.49%,8,4.67E-04,0.981,1
Chr17:1372592-1372776,MYO1C,In Gene,↑,6.79%,12,5.25E-04,0.995,0
Chr1:19110883-19110979,PAX7,35523,↑,6.86%,11,6.23E-04,0.997,0
Chr11:75139596-75139718,KLHL35,In Gene,↓,6.80%,11,6.32E-04,0.997,0
Chr12:131303302-131303362,STX2,In Gene,↓,7.88%,8,7.14E-04,0.996,0
Chr9:130955437-130955495,CIZ1,In Gene,↑,7.51%,9,7.32E-04,0.996,0
Chr16:936984-937023,LMF1,In Gene,↑,8.77%,5,7.70E-04,0.99,1
Chr9:470637-470662,KANK1,In Gene,↓,9.15%,4,7.71E-04,0.99,1
Chr7:150871939-150871955,GBX1,107,↓,9.65%,3,8.24E-04,0.995,0
Chr2:105484677-105484717,LINC01159,In Gene,↓,9.07%,4,8.34E-04,0.991,1
Chr2:1801870-1801944,MYT1L,In Gene,↓,8.29%,6,8.78E-04,0.995,0
Chr22:32599445-32599488,RFPL2,In Gene,↑,8.55%,5,9.36E-04,0.995,1
Chr11:67383550-67383610,DOC2GP,In Gene,↑,8.17%,6,9.66E-04,0.996,1
Chr7:130130787-130130860,MEST,In Gene,↑,6.83%,9,9.70E-04,0.999,0
Chr7:158789805-158789864,LINC00689,9349,↓,6.75%,9,9.93E-04,0.999,1
Chr5:101119037-101119085,SLCO4C1,450605,↓,8.86%,4,1.02E-03,0.996,1
Chr1:185373487-185373526,SNORD79,20284,↓,8.84%,4,1.04E-03,0.996,0
Chr13:25670064-25670166,PABPC3,134,↑,6.57%,9,1.04E-03,0.999,0
Chr1:25893406-25893510,LDLRAP1,In Gene,↑,7.68%,7,1.05E-03,1,1
Chr11:615628-615652,IRF7,In Gene,↓,8.74%,4,1.13E-03,0.996,1
Chr13:112669461-112669497,SOX1,52416,↑,9.18%,3,1.26E-03,0.999,0
Chr20:57431094-57431154,GNAS,In Gene,↓,6.60%,8,1.33E-03,1,0
Chr7:1686884-1686905,TFAMP1,31923,↓,8.13%,5,1.35E-03,0.998,0
Chr2:47232171-47232258,TTC7A,In Gene,↓,8.55%,4,1.36E-03,0.998,0
Chr16:55866649-55866734,CES1,In Gene,↓,7.23%,7,1.39E-03,1,0
Chr16:55866742-55866798,CES1,In Gene,↓,8.08%,5,1.41E-03,0.998,0
Chr6:32063902-32063934,"ATF6B, C4A, TNXB",In Gene,↓,8.47%,4,1.46E-03,0.998,1
Chr20:42142674-42142752,L3MBTL1,In Gene,↑,7.00%,7,1.56E-03,1,1
Chr21:47582188-47582279,SPATC1L,In Gene,↓,7.48%,6,1.62E-03,1,1
Chr5:171782110-171782236,SH3PXD2B,In Gene,↓,7.48%,6,1.62E-03,1,0
Chr13:114505980-114506053,TMEM255B,In Gene,↓,7.89%,5,1.65E-03,0.999,0
Chr10:131697250-131697303,EBF3,In Gene,↓,6.79%,7,1.71E-03,1,0
Chr11:6592400-6592444,DNHD1,In Gene,↓,7.36%,6,1.76E-03,1,1
Chr22:46472546-46472609,MIR3619,14315,↓,6.66%,7,1.79E-03,1,0
Chr4:1303947-1304049,MAEA,In Gene,↓,8.20%,4,1.89E-03,0.999,1
Chr2:242754151-242754206,NEU4,In Gene,↓,8.18%,4,1.92E-03,0.999,1
Chr17:80183483-80183502,SLC16A3,2771,↑,8.72%,3,1.95E-03,1,0
Chr19:54057917-54057944,ZNF331,In Gene,↑,7.62%,5,2.08E-03,1,0
Chr7:129418536-129418558,MIR183,3682,↑,7.57%,5,2.15E-03,1,0
Chr20:61878382-61878410,NKAIN4,In Gene,↓,8.59%,3,2.22E-03,1,0
Chr13:107568873-107568938,LINC00443,244362,↑,8.02%,4,2.23E-03,0.999,0
Chr19:51506139-51506179,KLK9,In Gene,↑,7.51%,5,2.26E-03,1,1
Chr7:948920-948954,"ADAP1, COX19",In Gene,↑,7.51%,5,2.26E-03,1,1
Chr1:2013916-2013935,PRKCZ,In Gene,↓,7.51%,5,2.27E-03,1,0
Chr8:58054994-58055067,LINC00588,137035,↑,7.49%,5,2.29E-03,1,0
Chr20:9497218-9497279,LAMP5,In Gene,↑,7.98%,4,2.32E-03,0.999,1
Chr13:112715673-112715721,SOX1,6192,↑,7.97%,4,2.33E-03,0.999,0
Chr18:60646613-60646655,PHLPP1,In Gene,↓,7.95%,4,2.37E-03,0.999,0
Chr1:565662-565821,OR4F16,55238,↓,7.44%,5,2.39E-03,1,1
Chr8:144347198-144347222,ZFP41,In Gene,↓,7.94%,4,2.41E-03,0.999,1
Chr16:90016005-90016037,DEF8,In Gene,↓,7.36%,5,2.55E-03,1,1
Chr7:30885460-30885485,"FAM188B, INMT-FAM188B",In Gene,↓,8.45%,3,2.55E-03,1,0
Chr7:55073289-55073360,EGFR,13354,↓,6.67%,6,2.58E-03,1,0
Chr1:20802821-20802881,CAMK2N1,6003,↑,7.34%,5,2.58E-03,1,1
Chr4:77723058-77723116,SHROOM3,18652,↓,7.32%,5,2.61E-03,1,0
Chr1:36787110-36787138,SH3D21,In Gene,↓,7.84%,4,2.64E-03,0.999,1
Chr20:49620448-49620492,KCNG1,In Gene,↓,7.82%,4,2.67E-03,0.999,1
Chr16:53407585-53407616,CHD9,44523,↑,7.82%,4,2.68E-03,0.999,0
Chr2:66667933-66667965,MEIS1,In Gene,↑,6.57%,6,2.69E-03,1,0
Chr13:107569396-107569427,LINC00443,244885,↑,7.80%,4,2.73E-03,1,0
Chr1:25296819-25296860,RUNX3,5207,↓,7.24%,5,2.77E-03,1,1
Chr4:3827931-3827957,ADRA2C,57680,↓,7.78%,4,2.78E-03,1,1
Chr8:144346763-144346852,ZFP41,In Gene,↓,8.36%,3,2.80E-03,1,1
Chr16:1154966-1155012,C1QTNF8,8722,↓,6.41%,6,2.85E-03,1,0
Chr5:172982490-172982535,BOD1,51982,↓,7.20%,5,2.86E-03,1,0
Chr11:22362864-22362875,SLC17A6,In Gene,↑,7.20%,5,2.87E-03,1,0
Chr3:125709070-125709093,ROPN1B,6773,↑,8.33%,3,2.87E-03,1,1
Chr3:124860958-124860993,SLC12A8,In Gene,↑,7.17%,5,2.92E-03,1,1
Chr13:50707693-50707715,DLEU1,In Gene,↑,7.16%,5,2.95E-03,1,1
Chr12:124929998-124930047,NCOR2,In Gene,↓,7.15%,5,2.96E-03,1,0
Chr2:162284207-162284281,SLC4A10,In Gene,↑,7.71%,4,2.96E-03,1,0
Chr5:14142702-14142724,TRIO,1087,↓,8.30%,3,2.97E-03,1,1
Chr20:33147649-33147676,MAP1LC3A,In Gene,↑,8.27%,3,3.05E-03,1,0
Chr8:28175409-28175464,PNOC,In Gene,↓,7.67%,4,3.07E-03,1,0
Chr15:31685454-31685485,KLF13,In Gene,↑,7.09%,5,3.09E-03,1,0
Chr4:640479-640501,PDE6B,In Gene,↓,5.95%,6,3.10E-03,1,0
ChrX:3730211-3730245,PRKX,98562,↓,8.24%,3,3.14E-03,1,1
Chr17:75523159-75523259,9-Sep,14859,↓,7.05%,5,3.18E-03,1,0
Chr10:37940527-37940831,MTRNR2L7,48668,↓,8.23%,3,3.20E-03,1,0
Chr13:114821897-114821975,RASA3,In Gene,↑,7.01%,5,3.25E-03,1,1
Chr16:867246-867416,PRR25,3385,↓,7.00%,5,3.27E-03,1,1
Chr7:1094261-1094344,"C7orf50, GPR146",In Gene,↓,6.92%,5,3.44E-03,1,0
Chr1:568308-568381,OR4F16,52678,↓,6.92%,5,3.45E-03,1,1
Chr3:125709506-125709539,ROPN1B,7209,↑,6.91%,5,3.46E-03,1,1
Chr16:87368206-87368247,FBXO31,In Gene,↓,7.53%,4,3.50E-03,1,0
Chr20:61715783-61715796,HAR1B,11049,↓,8.14%,3,3.50E-03,1,1
Chr20:57416156-57416171,"GNAS, GNAS-AS1",In Gene,↓,6.82%,5,3.66E-03,1,0
Chr6:169852276-169852329,WDR27,4978,↓,7.47%,4,3.67E-03,1,1
Chr16:3493682-3493715,NAA60,In Gene,↓,6.80%,5,3.71E-03,1,1
Chr12:110888692-110888825,ARPC3,465,↓,7.45%,4,3.74E-03,1,1
Chr1:6534966-6534988,PLEKHG5,In Gene,↑,8.05%,3,3.84E-03,1,0
Chr4:3746049-3746079,ADRA2C,21996,↓,7.40%,4,3.91E-03,1,0
Chr11:115516664-115516679,LINC00900,108287,↓,7.40%,4,3.92E-03,1,1
Chr1:204437282-204437339,PIK3C2B,In Gene,↓,7.38%,4,3.99E-03,1,0
Chr1:4794057-4794107,AJAP1,In Gene,↓,6.65%,5,4.02E-03,1,0
Chr20:61660266-61660276,LINC00029,5293,↓,8.00%,3,4.05E-03,1,1
Chr4:26361219-26361233,RBPJ,In Gene,↓,7.35%,4,4.08E-03,1,1
Chr11:888967-889196,CHID1,In Gene,↓,7.99%,3,4.08E-03,1,1
Chr6:108496939-108496949,NR2E1,In Gene,↓,7.98%,3,4.10E-03,1,1
Chr3:49237278-49237328,CCDC36,In Gene,↓,6.61%,5,4.10E-03,1,0
Chr6:148869533-148869553,SASH1,In Gene,↑,7.34%,4,4.11E-03,1,1
Chr4:155411059-155411074,DCHS2,In Gene,↓,7.33%,4,4.14E-03,1,0
Chr2:242754397-242754515,NEU4,In Gene,↑,7.33%,4,4.17E-03,1,0
Chr11:125110121-125110146,PKNOX2,In Gene,↑,7.96%,3,4.18E-03,1,1
Chr2:69001875-69001935,ARHGAP25,In Gene,↑,7.95%,3,4.24E-03,1,1
Chr17:48585265-48585414,MYCBPAP,331,↑,6.53%,5,4.26E-03,1,0
Chr8:143751816-143751889,"JRK, PSCA",In Gene,↑,7.28%,4,4.32E-03,1,1
Chr11:1769085-1769135,IFITM10,In Gene,↓,7.28%,4,4.33E-03,1,0
Chr10:50285340-50285428,VSTM4,In Gene,↓,6.49%,5,4.35E-03,1,0
Chr1:205819210-205819294,PM20D1,50,↑,6.43%,5,4.44E-03,1,1
Chr10:3448960-3448995,PITRM1,233957,↑,7.89%,3,4.48E-03,1,0
Chr4:1044629-1044671,RNF212,5367,↑,7.24%,4,4.49E-03,1,1
Chr19:51830531-51830541,IGLON5,In Gene,↑,7.88%,3,4.54E-03,1,0
Chr16:84776253-84776274,USP10,In Gene,↓,7.88%,3,4.55E-03,1,1
Chr7:2393292-2393339,SNX8,In Gene,↑,7.21%,4,4.58E-03,1,1
Chr11:64624026-64624100,EHD1,In Gene,↑,7.19%,4,4.66E-03,1,0
Chr13:114828291-114828413,RASA3,In Gene,↓,6.29%,5,4.68E-03,1,1
Chr20:55203032-55203087,TFAP2C,1271,↑,7.18%,4,4.71E-03,1,0
Chr10:120788367-120788446,NANOS1,782,↓,6.25%,5,4.74E-03,1,0
Chr10:80999781-80999808,ZMIZ1,In Gene,↓,6.25%,5,4.74E-03,1,1
Chr17:79225747-79225758,SLC38A10,In Gene,↑,7.83%,3,4.77E-03,1,1
Chr6:32063858-32063884,"ATF6B, C4A, TNXB",In Gene,↓,7.82%,3,4.81E-03,1,0
Chr19:53088463-53088483,ZNF701,In Gene,↑,6.15%,5,4.88E-03,1,0
Chr17:77536435-77536474,RBFOX3,In Gene,↑,7.13%,4,4.91E-03,1,0
Chr20:62463863-62463888,ZBTB46,1266,↓,7.80%,3,4.92E-03,1,1
Chr22:19879686-19879792,TXNRD2,In Gene,↑,6.08%,5,4.96E-03,1,0
Chr2:1801693-1801827,MYT1L,In Gene,↓,7.78%,3,5.01E-03,1,1
Chr17:64361850-64361912,PRKCA,In Gene,↓,7.77%,3,5.05E-03,1,1
Chr21:47519495-47519515,COL6A2,In Gene,↓,7.76%,3,5.13E-03,1,0
Chr7:158751056-158751085,WDR60,1618,↑,5.84%,5,5.14E-03,1,0
Chr6:169977634-169977665,WDR27,In Gene,↑,5.74%,5,5.17E-03,1,1
Chr8:144176308-144176360,C8orf31,34949,↓,7.05%,4,5.21E-03,1,0
Chr1:8424789-8424824,RERE,In Gene,↓,7.69%,3,5.50E-03,1,0
Chr2:197503474-197503484,CCDC150,794,↓,7.69%,3,5.51E-03,1,1
Chr17:62777778-62777797,PLEKHM1P,In Gene,↑,7.68%,3,5.54E-03,1,0
Chr6:169446850-169446956,THBS2,168919,↓,7.65%,3,5.71E-03,1,0
Chr8:8560259-8560266,CLDN23,In Gene,↑,7.64%,3,5.73E-03,1,0
Chr4:3039110-3039148,GRK4,In Gene,↓,6.92%,4,5.78E-03,1,1
Chr22:28194115-28194123,MN1,In Gene,↓,7.62%,3,5.85E-03,1,1
Chr11:1865865-1865929,TNNI2,2955,↓,7.62%,3,5.85E-03,1,0
Chr19:50361944-50361964,PTOV1,In Gene,↑,7.62%,3,5.87E-03,1,0
Chr15:101084601-101084623,CERS3,In Gene,↑,6.89%,4,5.88E-03,1,1
Chr8:17509224-17509254,MTUS1,In Gene,↑,7.59%,3,6.03E-03,1,1
Chr8:38508536-38508541,RNF5P1,49818,↓,7.58%,3,6.12E-03,1,0
Chr4:4866384-4866440,MSX1,721,↑,7.58%,3,6.13E-03,1,0
Chr2:127822583-127822645,BIN1,In Gene,↓,6.83%,4,6.14E-03,1,0
Chr5:172097116-172097130,NEURL1B,In Gene,↑,7.55%,3,6.29E-03,1,1
Chr1:227635551-227635628,ZNF678,115616,↓,6.80%,4,6.29E-03,1,1
Chr9:126779230-126779286,LHX2,In Gene,↓,7.55%,3,6.31E-03,1,1
Chr11:2019398-2019453,H19,In Gene,↑,7.54%,3,6.33E-03,1,1
Chr2:130345095-130345123,RAB6C-AS1,379042,↓,6.78%,4,6.37E-03,1,1
Chr22:25798990-25799070,LRP5L,In Gene,↑,7.53%,3,6.40E-03,1,1
Chr17:71281397-71281412,CDC42EP4,In Gene,↑,7.53%,3,6.43E-03,1,1
Chr6:158937287-158937300,TULP4,4427,↑,7.52%,3,6.50E-03,1,1
Chr8:22133069-22133091,PIWIL2,In Gene,↑,6.74%,4,6.57E-03,1,1
Chr6:32038873-32038888,"ATF6B, TNXB",In Gene,↑,7.50%,3,6.60E-03,1,0
Chr3:35780852-35780947,ARPP21,In Gene,↑,6.69%,4,6.78E-03,1,1
Chr6:27181661-27181673,PRSS16,33807,↑,7.47%,3,6.78E-03,1,1
Chr7:158790108-158790116,LINC00689,9097,↓,7.46%,3,6.88E-03,1,0
Chr17:75315828-75315869,9-Sep,In Gene,↑,6.66%,4,6.92E-03,1,0
Chr20:39311444-39311480,MAFB,3008,↑,7.45%,3,6.95E-03,1,0
Chr22:50686403-50686438,"HDAC10, MAPK12",In Gene,↓,6.65%,4,6.96E-03,1,1
Chr7:28143574-28143603,JAZF1,In Gene,↑,7.44%,3,7.03E-03,1,0
Chr11:35425524-35425552,SLC1A2,In Gene,↓,7.43%,3,7.04E-03,1,0
Chr2:1801838-1801865,MYT1L,In Gene,↓,6.63%,4,7.04E-03,1,0
Chr10:674519-674543,DIP2C,In Gene,↓,7.43%,3,7.06E-03,1,1
Chr18:13222567-13222582,LDLRAD4,In Gene,↑,6.61%,4,7.14E-03,1,0
Chr22:19279896-19279909,CLTCL1,657,↓,7.42%,3,7.15E-03,1,0
Chr4:187071121-187071241,FAM149A,In Gene,↑,7.42%,3,7.17E-03,1,0
Chr10:22765888-22765914,SPAG6,22735,↓,6.58%,4,7.25E-03,1,0
Chr4:188917980-188918083,ZFP42,In Gene,↓,7.40%,3,7.27E-03,1,1
Chr14:91022381-91022404,TTC7B,In Gene,↑,6.57%,4,7.29E-03,1,1
Chr5:53829889-53829958,SNX18,In Gene,↓,7.40%,3,7.30E-03,1,0
Chr7:1370762-1370784,UNCX,93808,↑,6.55%,4,7.38E-03,1,1
Chr11:50227149-50227158,OR4C45,171817,↓,7.38%,3,7.43E-03,1,0
Chr2:238380310-238380391,MLPH,13680,↑,7.37%,3,7.47E-03,1,0
Chr5:135415763-135415793,VTRNA2-1,367,↑,6.52%,4,7.53E-03,1,1
Chr10:131697166-131697194,EBF3,In Gene,↓,7.36%,3,7.55E-03,1,0
Chr8:118993082-118993117,EXT1,In Gene,↑,7.36%,3,7.59E-03,1,0
Chr11:6340499-6340736,PRKCDBP,In Gene,↓,7.35%,3,7.64E-03,1,0
Chr6:139644903-139644938,TXLNB,31627,↑,6.47%,4,7.75E-03,1,1
Chr9:94183342-94183354,NFIL3,In Gene,↓,7.33%,3,7.80E-03,1,0
Chr13:25670025-25670052,PABPC3,248,↑,6.43%,4,7.89E-03,1,0
Chr12:133086029-133086078,FBRSL1,In Gene,↓,6.41%,4,7.97E-03,1,1
Chr20:57415238-57415254,"GNAS, GNAS-AS1",In Gene,↓,6.40%,4,8.04E-03,1,0
Chr8:49984743-49984777,C8orf22,In Gene,↓,7.29%,3,8.08E-03,1,0
Chr17:40556735-40556750,PTRF,In Gene,↓,6.38%,4,8.13E-03,1,0
Chr15:29033825-29033887,WHAMMP2,31288,↓,6.37%,4,8.15E-03,1,1
Chr10:102111101-102111144,SCD,In Gene,↓,7.28%,3,8.15E-03,1,0
Chr13:111838482-111838512,ARHGEF7,In Gene,↓,6.32%,4,8.35E-03,1,1
Chr2:1595765-1595786,PXDN,39873,↑,7.25%,3,8.43E-03,1,0
Chr17:656495-656525,"DBIL5P, GEMIN4",In Gene,↑,6.30%,4,8.44E-03,1,1
Chr9:135333088-135333097,C9orf171,In Gene,↓,7.24%,3,8.49E-03,1,1
Chr2:8343716-8343749,"LINC00298, LINC00299",In Gene,↓,7.24%,3,8.50E-03,1,0
Chr1:31673096-31673131,NKAIN1,In Gene,↓,7.23%,3,8.53E-03,1,0
Chr10:45359701-45359722,TMEM72-AS1,In Gene,↓,6.27%,4,8.54E-03,1,1
Chr1:89664339-89664368,GBP4,In Gene,↑,7.23%,3,8.58E-03,1,1
Chr5:6583798-6583851,LINC01018,In Gene,↓,6.25%,4,8.60E-03,1,0
Chr5:1004094-1004131,NKD2,4813,↓,7.21%,3,8.71E-03,1,0
Chr1:230468850-230468886,PGBD5,In Gene,↓,7.21%,3,8.73E-03,1,0
Chr7:128520083-128520100,KCP,In Gene,↓,7.20%,3,8.81E-03,1,1
Chr12:131171170-131171200,RIMBP2,In Gene,↓,6.19%,4,8.84E-03,1,1
Chr2:1801974-1801988,MYT1L,In Gene,↓,6.17%,4,8.88E-03,1,0
Chr19:16999901-16999906,F2RL3,In Gene,↓,7.19%,3,8.90E-03,1,1
Chr21:46340932-46341010,ITGB2,In Gene,↑,6.16%,4,8.93E-03,1,0
Chr19:38346559-38346574,WDR87,28889,↓,6.13%,4,9.03E-03,1,0
Chr13:114529628-114529637,"GAS6, GAS6-AS1",In Gene,↓,7.17%,3,9.06E-03,1,1
Chr18:77398695-77398740,CTDP1,41061,↓,6.12%,4,9.06E-03,1,1
Chr15:79328214-79328290,RASGRF1,In Gene,↓,6.08%,4,9.17E-03,1,0
Chr10:21434607-21434743,"C10orf113, NEBL",In Gene,↓,6.07%,4,9.21E-03,1,0
Chr22:32600218-32600275,RFPL2,In Gene,↑,6.07%,4,9.22E-03,1,0
Chr8:141108663-141108686,TRAPPC9,In Gene,↓,6.06%,4,9.25E-03,1,0
Chr9:140265683-140265695,EXD3,In Gene,↑,7.14%,3,9.29E-03,1,0
Chr7:99691187-99691227,"MCM7, MIR25",In Gene,↑,7.14%,3,9.35E-03,1,0
Chr3:62228631-62228729,PTPRG,In Gene,↓,5.99%,4,9.43E-03,1,0
Chr8:58055241-58055255,LINC00588,136847,↑,7.12%,3,9.52E-03,1,1
Chr4:3516584-3516626,LRPAP1,In Gene,↑,7.11%,3,9.59E-03,1,0
Chr3:69402873-69402883,FRMD4B,In Gene,↓,7.10%,3,9.68E-03,1,1
Chr11:67817444-67817489,TCIRG1,In Gene,↑,7.08%,3,9.80E-03,1,0
Chr2:63279143-63279160,OTX1,In Gene,↑,7.08%,3,9.83E-03,1,1
Chr11:76858827-76858868,MYO7A,In Gene,↑,5.70%,4,9.93E-03,1,0
Chr2:75005864-75005913,HK2,55195,↓,5.62%,4,9.99E-03,1,0
Chr22:46646883-46646920,CDPF1,307,↓,6.99%,3,0.011,1,0
Chr4:1044789-1044798,RNF212,5240,↑,6.98%,3,0.011,1,1
Chr10:44788855-44788887,CXCL12,4151,↓,6.98%,3,0.011,1,0
Chr2:128453204-128453212,WDR33,5384,↓,6.98%,3,0.011,1,1
Chr14:105622395-105622416,JAG2,In Gene,↓,6.97%,3,0.011,1,0
Chr7:76129438-76129463,DTX2,In Gene,↓,6.96%,3,0.011,1,0
Chr6:25882374-25882382,SLC17A3,In Gene,↓,6.95%,3,0.011,1,1
Chr11:22363158-22363168,SLC17A6,In Gene,↑,6.94%,3,0.011,1,0
Chr1:26527958-26527996,CATSPER4,In Gene,↑,6.93%,3,0.011,1,0
Chr12:1643015-1643041,WNT5B,In Gene,↑,6.92%,3,0.011,1,0
Chr13:21010004-21010040,CRYL1,In Gene,↓,6.91%,3,0.011,1,0
Chr11:66062450-66062468,TMEM151A,In Gene,↓,6.90%,3,0.012,1,1
Chr6:31752390-31752431,"LSM2, LY6G6D, LY6G6F, MSH5, VARS, VWA7",In Gene,↑,6.89%,3,0.012,1,1
Chr17:33759958-33759987,SLFN12,In Gene,↑,6.88%,3,0.012,1,0
Chr6:30038911-30038923,RNF39,In Gene,↓,6.88%,3,0.012,1,0
Chr13:114076388-114076402,ADPRHL1,In Gene,↑,6.88%,3,0.012,1,1
Chr3:13083893-13083905,IQSEC1,In Gene,↑,6.86%,3,0.012,1,0
Chr16:80966766-80966787,CMC2,42911,↓,6.84%,3,0.012,1,0
Chr1:161167075-161167118,"ADAMTS4, NDUFS2",In Gene,↓,6.83%,3,0.012,1,0
Chr19:34398005-34398011,KCTD15,91337,↓,6.82%,3,0.012,1,0
Chr19:49686059-49686078,TRPM4,In Gene,↑,6.82%,3,0.012,1,0
Chr7:75596019-75596031,POR,In Gene,↑,6.81%,3,0.012,1,0
Chr17:123106-123190,RPH3AL,In Gene,↑,6.80%,3,0.012,1,0
Chr14:91022262-91022296,TTC7B,In Gene,↑,6.78%,3,0.013,1,0
Chr17:933130-933156,ABR,In Gene,↓,6.78%,3,0.013,1,0
Chr5:159378597-159378615,ADRA1B,In Gene,↓,6.76%,3,0.013,1,0
Chr10:80853938-80853961,ZMIZ1,In Gene,↓,6.76%,3,0.013,1,0
Chr20:19737874-19737906,SLC24A3,34293,↓,6.76%,3,0.013,1,1
Chr13:112715753-112715805,SOX1,6108,↑,6.75%,3,0.013,1,0
Chr3:184475001-184475007,MAGEF1,45165,↑,6.75%,3,0.013,1,0
Chr11:75139473-75139488,KLHL35,In Gene,↓,6.74%,3,0.013,1,0
Chr20:9497159-9497202,LAMP5,In Gene,↑,6.74%,3,0.013,1,0
Chr9:133319768-133319773,HMCN2,In Gene,↓,6.73%,3,0.013,1,1
Chr6:7261320-7261339,SSR1,7200,↑,6.73%,3,0.013,1,0
Chr5:141205190-141205224,PCDH1,27714,↓,6.71%,3,0.013,1,0
Chr1:17215489-17215512,CROCC,In Gene,↓,6.71%,3,0.013,1,0
Chr16:88744576-88744622,"SNAI3, SNAI3-AS1",In Gene,↓,6.71%,3,0.013,1,0
Chr11:133657729-133657747,SPATA19,52779,↑,6.68%,3,0.014,1,1
Chr2:171570238-171570263,LINC01124,In Gene,↑,6.68%,3,0.014,1,0
Chr1:227635412-227635539,ZNF678,115705,↓,6.67%,3,0.014,1,0
Chr14:101925919-101925939,DIO3OS,92619,↑,6.65%,3,0.014,1,0
Chr21:46340834-46340841,ITGB2,In Gene,↑,6.63%,3,0.014,1,0
Chr3:112023273-112023285,SLC9C1,10168,↑,6.63%,3,0.014,1,0
Chr11:57193704-57193718,SLC43A3,In Gene,↓,6.62%,3,0.014,1,0
Chr3:195578101-195578170,TNK2,12065,↑,6.62%,3,0.014,1,0
Chr1:32804086-32804106,MARCKSL1,2106,↓,6.61%,3,0.015,1,0
Chr5:415678-415730,AHRR,In Gene,↑,6.60%,3,0.015,1,0
Chr16:28331654-28331667,SBK1,In Gene,↑,6.59%,3,0.015,1,1
Chr17:40696181-40696234,NAGLU,In Gene,↑,6.59%,3,0.015,1,0
Chr1:3585377-3585438,TP73,In Gene,↓,6.57%,3,0.015,1,0
Chr1:151805373-151805383,RORC,1025,↓,6.56%,3,0.015,1,0
Chr7:25934683-25934723,MIR148A,54816,↓,6.56%,3,0.015,1,0
Chr1:161008662-161008687,TSTD1,In Gene,↑,6.52%,3,0.016,1,0
Chr13:44947378-44947407,SERP2,394,↓,6.51%,3,0.016,1,0
Chr5:77147142-77147170,TBCA,In Gene,↑,6.50%,3,0.016,1,0
Chr19:39798416-39798423,LRFN1,In Gene,↓,6.49%,3,0.016,1,1
Chr10:133030674-133030723,TCERG1L,In Gene,↑,6.49%,3,0.016,1,0
Chr9:137266723-137266737,RXRA,In Gene,↓,6.46%,3,0.016,1,0
Chr9:140215393-140215405,EXD3,In Gene,↓,6.46%,3,0.016,1,0
Chr19:40872023-40872163,PLD3,In Gene,↓,6.43%,3,0.017,1,0
Chr12:9393524-9393579,"A2MP1, LINC00987",In Gene,↓,6.41%,3,0.017,1,0
Chr2:660671-660682,TMEM18,6653,↓,6.39%,3,0.017,1,0
Chr6:42335155-42335232,TRERF1,In Gene,↑,6.39%,3,0.017,1,0
Chr12:133086953-133086968,FBRSL1,In Gene,↓,6.38%,3,0.017,1,0
Chr3:55517055-55517064,WNT5A,In Gene,↑,6.37%,3,0.017,1,0
Chr14:93419578-93419595,ITPK1,In Gene,↓,6.37%,3,0.017,1,0
Chr19:18888533-18888559,CRTC1,In Gene,↓,6.34%,3,0.018,1,0
Chr7:73119120-73119168,"STX1A, WBSCR22",In Gene,↓,6.34%,3,0.018,1,0
Chr5:33439886-33439947,TARS,855,↑,6.31%,3,0.018,1,1
Chr19:2774407-2774455,SGTA,In Gene,↓,6.30%,3,0.018,1,0
Chr2:36824228-36824260,FEZ2,In Gene,↓,6.29%,3,0.018,1,0
Chr1:207997048-207997061,CD46,28190,↑,6.28%,3,0.018,1,0
Chr16:22959696-22959735,HS3ST2,32037,↑,6.27%,3,0.018,1,0
Chr22:32600382-32600435,RFPL2,In Gene,↑,6.26%,3,0.018,1,1
Chr5:368756-368801,AHRR,In Gene,↓,6.26%,3,0.019,1,0
Chr16:88947858-88947863,CBFA2T3,In Gene,↓,6.25%,3,0.019,1,1
Chr1:2947746-2947779,ACTRT2,8281,↓,6.25%,3,0.019,1,0
Chr11:131781589-131781900,NTM,In Gene,↓,6.22%,3,0.019,1,0
Chr2:169100971-169101016,STK39,In Gene,↓,6.21%,3,0.019,1,0
Chr3:49237240-49237255,CCDC36,In Gene,↓,6.21%,3,0.019,1,0
Chr8:26239056-26239061,BNIP3L,1353,↑,6.20%,3,0.019,1,1
Chr2:88583932-88583939,THNSL2,97786,↑,6.20%,3,0.019,1,0
Chr1:12579715-12579799,VPS13D,7616,↓,6.19%,3,0.019,1,0
Chr20:43378874-43378886,KCNK15,In Gene,↓,6.18%,3,0.019,1,0
Chr1:117077053-117077063,CD58,In Gene,↓,6.18%,3,0.019,1,0
Chr9:133768950-133768967,QRFP,In Gene,↑,6.15%,3,0.02,1,0
Chr1:38227036-38227081,EPHA10,In Gene,↑,6.15%,3,0.02,1,1
Chr7:48129581-48129605,UPP1,In Gene,↓,6.15%,3,0.02,1,1
Chr13:114202763-114202787,TMCO3,In Gene,↓,6.15%,3,0.02,1,1
ChrX:153043694-153043743,"L1CAM, PLXNB3, SRPK3",In Gene,↑,6.15%,3,0.02,1,0
Chr4:122854142-122854169,TRPC3,In Gene,↓,6.15%,3,0.02,1,0
Chr19:17942515-17942530,JAK3,In Gene,↑,6.14%,3,0.02,1,0
Chr10:135341631-135341642,"CYP2E1, SPRN",In Gene,↓,6.13%,3,0.02,1,1
Chr7:1914917-1915006,MAD1L1,In Gene,↓,6.13%,3,0.02,1,0
Chr8:141111020-141111081,TRAPPC9,In Gene,↑,6.12%,3,0.02,1,0
Chr7:39170487-39170498,POU6F2,In Gene,↓,6.11%,3,0.02,1,0
Chr7:138349256-138349262,SVOPL,In Gene,↑,6.10%,3,0.02,1,0
Chr1:87617158-87617168,LINC01140,In Gene,↓,6.10%,3,0.02,1,0
Chr18:12911770-12911800,PTPN2,In Gene,↓,6.10%,3,0.02,1,0
Chr8:1405061-1405084,DLGAP2,44448,↑,6.10%,3,0.02,1,0
Chr4:185209623-185209642,ENPP6,67240,↑,6.09%,3,0.02,1,0
Chr11:126266235-126266261,ST3GAL4,In Gene,↓,6.08%,3,0.02,1,0
Chr11:112752085-112752149,NCAM1,79848,↓,6.08%,3,0.02,1,0
Chr19:50249548-50249688,TSKS,In Gene,↓,6.06%,3,0.021,1,1
Chr13:111280985-111281006,CARKD,In Gene,↓,6.06%,3,0.021,1,0
Chr16:87098510-87098523,C16orf95,18645,↑,6.06%,3,0.021,1,0
Chr6:170468074-170468101,DLL1,123193,↓,6.06%,3,0.021,1,1
Chr8:145502135-145502151,BOP1,In Gene,↓,6.05%,3,0.021,1,1
Chr8:1970041-1970050,KBTBD11,14939,↓,6.05%,3,0.021,1,0
Chr22:21328572-21328626,AIFM3,In Gene,↓,6.04%,3,0.021,1,1
Chr2:10444847-10444867,HPCAL1,In Gene,↑,6.03%,3,0.021,1,0
Chr20:57429644-57429655,GNAS,In Gene,↓,6.03%,3,0.021,1,1
Chr17:77925318-77925356,TBC1D16,In Gene,↓,6.02%,3,0.021,1,0
Chr2:239048353-239048357,KLHL30,In Gene,↓,6.02%,3,0.021,1,0
Chr20:25037578-25037607,ACSS1,In Gene,↑,6.02%,3,0.021,1,0
Chr7:66162705-66162782,"KCTD7, RABGEF1",In Gene,↓,6.01%,3,0.021,1,0
Chr1:1076340-1076384,C1orf159,24599,↑,6.01%,3,0.021,1,0
Chr6:27185897-27185912,PRSS16,29568,↑,6.00%,3,0.021,1,1
Chr7:50518504-50518518,FIGNL1,416,↑,5.99%,3,0.021,1,0
Chr5:322820-322835,"AHRR, PDCD6",In Gene,↓,5.98%,3,0.021,1,0
Chr11:353887-353912,B4GALNT4,15884,↓,5.98%,3,0.021,1,1
ChrX:44169556-44169602,EFHC2,In Gene,↓,5.98%,3,0.021,1,1
Chr17:77311896-77311909,RBFOX3,In Gene,↓,5.97%,3,0.021,1,0
Chr15:101604258-101604266,LRRK1,In Gene,↓,5.96%,3,0.022,1,1
Chr7:131422899-131422929,PODXL,179923,↓,5.95%,3,0.022,1,0
Chr11:5959956-5959974,TRIM5,107,↓,5.93%,3,0.022,1,0
Chr22:31318180-31318230,MORC2-AS1,65,↑,5.92%,3,0.022,1,0
Chr2:74668217-74668230,RTKN,In Gene,↓,5.92%,3,0.022,1,0
Chr12:25099561-25099573,BCAT1,In Gene,↑,5.91%,3,0.022,1,0
Chr2:171676875-171676926,GAD1,In Gene,↑,5.91%,3,0.022,1,0
Chr14:104153585-104153600,KLC1,In Gene,↑,5.90%,3,0.022,1,0
Chr2:239334507-239334574,ASB1,809,↓,5.90%,3,0.022,1,0
Chr1:228463251-228463267,OBSCN,In Gene,↓,5.89%,3,0.022,1,1
Chr17:62051700-62051768,SCN4A,1422,↑,5.89%,3,0.022,1,0
Chr1:151035399-151035493,"CDC42SE1, MLLT11, PRPF3",In Gene,↑,5.87%,3,0.022,1,1
Chr20:61431862-61431881,MRGBP,In Gene,↓,5.85%,3,0.022,1,1
Chr22:50738772-50738787,PLXNB2,In Gene,↑,5.84%,3,0.022,1,0
Chr17:71192824-71192845,COG1,In Gene,↓,5.84%,3,0.023,1,0
Chr7:25991729-25991762,MIR148A,2123,↑,5.83%,3,0.023,1,0
Chr10:102765300-102765365,LZTS2,In Gene,↑,5.83%,3,0.023,1,0
Chr7:138348978-138348982,SVOPL,In Gene,↓,5.83%,3,0.023,1,0
Chr7:39332760-39332786,POU6F2,In Gene,↑,5.83%,3,0.023,1,1
Chr9:140728209-140728255,EHMT1,In Gene,↑,5.82%,3,0.023,1,0
Chr1:74663488-74663515,LRRIQ3,In Gene,↓,5.81%,3,0.023,1,0
Chr13:110982597-110982627,COL4A2,In Gene,↓,5.80%,3,0.023,1,0
Chr7:155252245-155252264,EN2,In Gene,↓,5.80%,3,0.023,1,1
ChrX:70444201-70444216,GJB1,In Gene,↓,5.76%,3,0.023,1,0
Chr2:232262933-232262941,B3GNT7,In Gene,↑,5.71%,3,0.023,1,0
Chr1:78355340-78355488,NEXN,In Gene,↓,5.71%,3,0.023,1,0
Chr4:3414733-3414747,RGS12,In Gene,↓,5.71%,3,0.023,1,1
Chr16:55866808-55866816,CES1,In Gene,↓,5.69%,3,0.023,1,0
Chr6:30418495-30418566,HLA-E,28196,↓,5.65%,3,0.024,1,0
Chr19:54561664-54561694,VSTM1,In Gene,↓,5.65%,3,0.024,1,1
Chr15:89952966-89952985,LINC00925,13495,↑,5.62%,3,0.024,1,0
Chr3:125708959-125709026,ROPN1B,6662,↑,5.61%,3,0.024,1,1
Chr9:138679871-138679879,KCNT1,In Gene,↑,5.58%,3,0.024,1,1
Chr6:167559882-167559897,TCP10L2,5,↓,5.47%,3,0.024,1,0
Chr12:131708265-131708292,GPR133,82251,↑,5.46%,3,0.024,1,1
Chr19:19371809-19371818,HAPLN4,In Gene,↑,5.38%,3,0.024,1,0
Only results with an uncorrected P-value<0.05 and at least 3 CpG sites within the DMR were included.,,,,,,,,
Gene symbols annotated using Ensembl release 75.,,,,,,,,
Arrows indicate direction of DNA methylation change in relation to case subjects (bipolar disorder or bipolar disorder suicide subjects). ,,,,,,,,
Results are sorted by P-value. ,,,,,,,,
"The flagged column annotates differentially methylated regions (DMRs) with a multi-modal distribution of DNA methylation; 1 confirms the presence of the pattern, 0 confirms the absence of the pattern.",,,,,,,,